Variation,age_group,error_rate
Control,0-30,0.15558953697647318
Control,30-39,0.15940402768893042
Control,40-49,0.17310098148834152
Control,50-59,0.19123746897912958
Control,60-69,0.19960180306261735
Control,70-79,0.22200764133244416
Control,80+,0.24773730196068816
Test,0-30,0.16564013002027975
Test,30-39,0.17899731432486105
Test,40-49,0.19186831800873064
Test,50-59,0.22495122646676183
Test,60-69,0.23618682235425859
Test,70-79,0.27431886823911966
Test,80+,0.28537193092450375
