platform,rating,count,percentage
Netflix,G,41,0.8536331459504476
Netflix,PG,287,5.975432021653133
Netflix,PG-13,490,10.201957110139496
Netflix,R,802,16.69789714761607
Netflix,TV-MA,3183,66.27108057464085
Prime,G,1747,20.80752739399714
Prime,PG,253,3.0133396855645542
Prime,PG-13,2510,29.89518818484993
Prime,R,3809,45.36684135302525
Prime,TV-MA,77,0.9171033825631253
