process_step,avg_test,avg_control,diff
start,,,
step_1,92.55357142857143,87.22727272727273,5.326298701298697
step_2,86.35714285714286,88.5909090909091,-2.2337662337662323
step_3,86.88679245283019,98.19148936170212,-11.304696908871932
confirm,78.86666666666666,96.47272727272727,-17.60606060606061
